<?xml version="1.0" encoding="UTF-8"?>
<Configuration status="INFO">
    <Appenders>
        <Console name="Console" target="SYSTEM_OUT">
            <PatternLayout pattern="%d{dd.MM.yyyy HH:mm:ss} [%t] %-5level %logger{36} - %msg%n"/>
        </Console>
        <File name="FILE" fileName="logs/log.txt">
            <PatternLayout pattern="%d{dd.MM.yyyy HH:mm:ss} [%t] %-5level %logger{36} - %msg%n"/>
        </File>
    </Appenders>
    <Loggers>
        <Root level="info">
            <AppenderRef ref="FILE"/>
            <AppenderRef ref="Console"/>
        </Root>
    </Loggers>
</Configuration>